,date,company,symbol,dividend,eps,grossProfit,marketcap,pe,price,revenuePerShare
0,2017-11-09,Apple Inc.,AAPL,0.63,2.9675000000000002,93626000000.0,912207857540,58.1829149115417,172.6578,19
1,2017-11-10,Apple Inc.,AAPL,0.63,2.9675000000000002,93626000000.0,912207857540,57.99036225779275,172.0864,19
2,2017-11-13,Apple Inc.,AAPL,0.63,2.9675000000000002,93626000000.0,912207857540,57.75794439764111,171.3967,19
3,2017-11-14,Apple Inc.,AAPL,0.63,2.9675000000000002,93626000000.0,912207857540,56.88478517270429,168.8056,19
4,2017-11-15,Apple Inc.,AAPL,0.63,2.9675000000000002,93626000000.0,912207857540,56.134490311710195,166.5791,19
5,2017-11-16,Apple Inc.,AAPL,0.63,2.9675000000000002,93626000000.0,912207857540,56.80512215669755,168.5692,19
6,2017-11-17,Apple Inc.,AAPL,0.63,2.9675000000000002,93626000000.0,912207857540,56.48973883740521,167.6333,19
7,2017-11-20,Apple Inc.,AAPL,0.63,2.9675000000000002,93626000000.0,912207857540,56.43329401853411,167.4658,19
8,2017-11-21,Apple Inc.,AAPL,0.63,2.9675000000000002,93626000000.0,912207857540,57.48239258635215,170.579,19
9,2017-11-22,Apple Inc.,AAPL,0.63,2.9675000000000002,93626000000.0,912207857540,58.08663858466722,172.3721,19
10,2017-11-24,Apple Inc.,AAPL,0.63,2.9675000000000002,93626000000.0,912207857540,58.0899747262005,172.382,19
11,2017-11-27,Apple Inc.,AAPL,0.63,2.9675000000000002,93626000000.0,912207857540,57.7978096040438,171.515,19
12,2017-11-28,Apple Inc.,AAPL,0.63,2.9675000000000002,93626000000.0,912207857540,57.45917438921651,170.5101,19
13,2017-11-29,Apple Inc.,AAPL,0.63,2.9675000000000002,93626000000.0,912207857540,56.26729570345408,166.9732,19
14,2017-11-30,Apple Inc.,AAPL,0.63,2.9675000000000002,93626000000.0,912207857540,57.054119629317604,169.3081,19
15,2017-12-01,Apple Inc.,AAPL,0.63,2.9675000000000002,93626000000.0,912207857540,56.788508845829824,168.5199,19
16,2017-12-04,Apple Inc.,AAPL,0.63,2.9675000000000002,93626000000.0,912207857540,56.37351305812973,167.2884,19
17,2017-12-05,Apple Inc.,AAPL,0.63,2.9675000000000002,93626000000.0,912207857540,56.320404380791906,167.1308,19
18,2017-12-06,Apple Inc.,AAPL,0.63,2.9675000000000002,93626000000.0,912207857540,56.111238416175226,166.5101,19
19,2017-12-07,Apple Inc.,AAPL,0.63,2.9675000000000002,93626000000.0,912207857540,56.21415332771692,166.8155,19
20,2017-12-08,Apple Inc.,AAPL,0.63,2.9675000000000002,93626000000.0,912207857540,56.23076663858466,166.8648,19
21,2017-12-11,Apple Inc.,AAPL,0.63,2.9675000000000002,93626000000.0,912207857540,57.32636899747262,170.116,19
22,2017-12-12,Apple Inc.,AAPL,0.63,2.9675000000000002,93626000000.0,912207857540,57.004313395113726,169.1603,19
23,2017-12-13,Apple Inc.,AAPL,0.63,2.9675000000000002,93626000000.0,912207857540,57.19356360572873,169.7219,19
24,2017-12-14,Apple Inc.,AAPL,0.63,2.9675000000000002,93626000000.0,912207857540,57.17695029486099,169.6726,19
25,2017-12-15,Apple Inc.,AAPL,0.63,2.9675000000000002,93626000000.0,912207857540,57.75794439764111,171.3967,19
26,2017-12-18,Apple Inc.,AAPL,0.63,2.9675000000000002,93626000000.0,912207857540,58.571356360572864,173.8105,19
27,2017-12-19,Apple Inc.,AAPL,0.63,2.9675000000000002,93626000000.0,912207857540,57.947194608256105,171.9583,19
28,2017-12-20,Apple Inc.,AAPL,0.63,2.9675000000000002,93626000000.0,912207857540,57.88411120471777,171.7711,19
29,2017-12-21,Apple Inc.,AAPL,0.63,2.9675000000000002,93626000000.0,912207857540,58.10325189553496,172.4214,19
30,2017-12-22,Apple Inc.,AAPL,0.63,2.9675000000000002,93626000000.0,912207857540,58.10325189553496,172.4214,19
31,2017-12-26,Apple Inc.,AAPL,0.63,2.9675000000000002,93626000000.0,912207857540,56.629149115417015,168.047,19
32,2017-12-27,Apple Inc.,AAPL,0.63,2.9675000000000002,93626000000.0,912207857540,56.639123841617526,168.0766,19
33,2017-12-28,Apple Inc.,AAPL,0.63,2.9675000000000002,93626000000.0,912207857540,56.79848357203032,168.5495,19
34,2017-12-29,Apple Inc.,AAPL,0.63,2.9675000000000002,93626000000.0,912207857540,56.184296545914066,166.7269,19
35,2018-01-02,Apple Inc.,AAPL,0.63,2.9675000000000002,93626000000.0,912207857540,57.190227464195445,169.712,19
36,2018-01-03,Apple Inc.,AAPL,0.63,2.9675000000000002,93626000000.0,912207857540,57.18028643639427,169.6825,19
37,2018-01-04,Apple Inc.,AAPL,0.63,2.9675000000000002,93626000000.0,912207857540,57.44589721988205,170.4707,19
38,2018-01-05,Apple Inc.,AAPL,0.63,2.9675000000000002,93626000000.0,912207857540,58.09991575400168,172.4115,19
39,2018-01-08,Apple Inc.,AAPL,0.63,2.9675000000000002,93626000000.0,912207857540,57.88411120471777,171.7711,19
40,2018-01-09,Apple Inc.,AAPL,0.63,2.9675000000000002,93626000000.0,912207857540,57.87747262005054,171.7514,19
41,2018-01-10,Apple Inc.,AAPL,0.63,2.9675000000000002,93626000000.0,912207857540,57.86419545071608,171.712,19
42,2018-01-11,Apple Inc.,AAPL,0.63,2.9675000000000002,93626000000.0,912207857540,58.1928896377422,172.6874,19
43,2018-01-12,Apple Inc.,AAPL,0.63,2.9675000000000002,93626000000.0,912207857540,58.793799494524,174.4706,19
44,2018-01-16,Apple Inc.,AAPL,0.63,2.9675000000000002,93626000000.0,912207857540,58.49499578770008,173.5839,19
45,2018-01-17,Apple Inc.,AAPL,0.63,2.9675000000000002,93626000000.0,912207857540,59.46112889637742,176.4509,19
46,2018-01-18,Apple Inc.,AAPL,0.63,2.9675000000000002,93626000000.0,912207857540,59.51423757371524,176.6085,19
47,2018-01-19,Apple Inc.,AAPL,0.63,2.9675000000000002,93626000000.0,912207857540,59.24862679022746,175.8203,19
48,2018-01-22,Apple Inc.,AAPL,0.63,2.9675000000000002,93626000000.0,912207857540,58.76390901432182,174.3819,19
49,2018-01-23,Apple Inc.,AAPL,0.63,2.9675000000000002,93626000000.0,912207857540,58.77718618365627,174.4213,19
50,2018-01-24,Apple Inc.,AAPL,0.63,2.9675000000000002,93626000000.0,912207857540,57.84094355518113,171.643,19
51,2018-01-25,Apple Inc.,AAPL,0.63,2.9675000000000002,93626000000.0,912207857540,56.808424599831504,168.579,19
52,2018-01-26,Apple Inc.,AAPL,0.63,2.9675000000000002,93626000000.0,912207857540,56.94122999157539,168.9731,19
53,2018-01-29,Apple Inc.,AAPL,0.63,2.9675000000000002,93626000000.0,912207857540,55.76262847514742,165.4756,19
54,2018-01-30,Apple Inc.,AAPL,0.63,2.9675000000000002,93626000000.0,912207857540,55.43396798652064,164.5003,19
55,2018-01-31,Apple Inc.,AAPL,0.63,2.9675000000000002,93626000000.0,912207857540,55.58668913226621,164.9535,19
56,2018-02-01,Apple Inc.,AAPL,0.63,2.9675000000000002,93626000000.0,912207857540,55.702881213142376,165.2983,19
57,2018-02-02,Apple Inc.,AAPL,0.63,3.89,93626000000.0,912207857540,40.649357326478146,158.126,19
58,2018-02-05,Apple Inc.,AAPL,0.63,3.89,93626000000.0,912207857540,39.633753213367605,154.1753,19
59,2018-02-06,Apple Inc.,AAPL,0.63,3.89,93626000000.0,912207857540,41.290128534704365,160.6186,19
60,2018-02-07,Apple Inc.,AAPL,0.63,3.89,93626000000.0,912207857540,40.40622107969152,157.1802,19
61,2018-02-08,Apple Inc.,AAPL,0.63,3.89,93626000000.0,912207857540,39.29437017994859,152.8551,19
62,2018-02-09,Apple Inc.,AAPL,0.63,3.89,93626000000.0,912207857540,39.775012853470436,154.7248,19
63,2018-02-12,Apple Inc.,AAPL,0.63,3.89,93626000000.0,912207857540,41.37709511568123,160.9569,19
64,2018-02-13,Apple Inc.,AAPL,0.63,3.89,93626000000.0,912207857540,41.79161953727506,162.5694,19
65,2018-02-14,Apple Inc.,AAPL,0.63,3.89,93626000000.0,912207857540,42.56213367609254,165.5667,19
66,2018-02-15,Apple Inc.,AAPL,0.63,3.89,93626000000.0,912207857540,43.991311053984575,171.1262,19
67,2018-02-16,Apple Inc.,AAPL,0.63,3.89,93626000000.0,912207857540,43.84889460154242,170.5722,19
68,2018-02-20,Apple Inc.,AAPL,0.63,3.89,93626000000.0,912207857540,43.701413881748074,169.9985,19
69,2018-02-21,Apple Inc.,AAPL,0.63,3.89,93626000000.0,912207857540,43.50305912596401,169.2269,19
70,2018-02-22,Apple Inc.,AAPL,0.63,3.89,93626000000.0,912207857540,43.866709511568125,170.6415,19
71,2018-02-23,Apple Inc.,AAPL,0.63,3.89,93626000000.0,912207857540,44.629588688946015,173.6091,19
72,2018-02-26,Apple Inc.,AAPL,0.63,3.89,93626000000.0,912207857540,45.51203084832905,177.0418,19
73,2018-02-27,Apple Inc.,AAPL,0.63,3.89,93626000000.0,912207857540,45.36452442159383,176.468,19
74,2018-02-28,Apple Inc.,AAPL,0.63,3.89,93626000000.0,912207857540,45.295861182519275,176.2009,19
75,2018-03-01,Apple Inc.,AAPL,0.63,3.89,93626000000.0,912207857540,44.50244215938303,173.1145,19
76,2018-03-02,Apple Inc.,AAPL,0.63,3.89,93626000000.0,912207857540,44.81015424164524,174.3115,19
77,2018-03-05,Apple Inc.,AAPL,0.63,3.89,93626000000.0,912207857540,44.96526992287917,174.9149,19
78,2018-03-06,Apple Inc.,AAPL,0.63,3.89,93626000000.0,912207857540,44.92712082262211,174.7665,19
79,2018-03-07,Apple Inc.,AAPL,0.63,3.89,93626000000.0,912207857540,44.51007712082262,173.1442,19
80,2018-03-08,Apple Inc.,AAPL,0.63,3.89,93626000000.0,912207857540,44.99578406169666,175.0336,19
81,2018-03-09,Apple Inc.,AAPL,0.63,3.89,93626000000.0,912207857540,45.76886889460154,178.0409,19
82,2018-03-12,Apple Inc.,AAPL,0.63,3.89,93626000000.0,912207857540,46.21133676092545,179.7621,19
83,2018-03-13,Apple Inc.,AAPL,0.63,3.89,93626000000.0,912207857540,45.76632390745501,178.031,19
84,2018-03-14,Apple Inc.,AAPL,0.63,3.89,93626000000.0,912207857540,45.37724935732648,176.5175,19
85,2018-03-15,Apple Inc.,AAPL,0.63,3.89,93626000000.0,912207857540,45.43064267352185,176.7252,19
86,2018-03-16,Apple Inc.,AAPL,0.63,3.89,93626000000.0,912207857540,45.27043701799486,176.102,19
87,2018-03-19,Apple Inc.,AAPL,0.63,3.89,93626000000.0,912207857540,44.578740359897175,173.4113,19
88,2018-03-20,Apple Inc.,AAPL,0.63,3.89,93626000000.0,912207857540,44.56347043701799,173.3519,19
89,2018-03-21,Apple Inc.,AAPL,0.63,3.89,93626000000.0,912207857540,43.553907455012855,169.4247,19
90,2018-03-22,Apple Inc.,AAPL,0.63,3.89,93626000000.0,912207857540,42.9385089974293,167.0308,19
91,2018-03-23,Apple Inc.,AAPL,0.63,3.89,93626000000.0,912207857540,41.94419023136247,163.1629,19
92,2018-03-26,Apple Inc.,AAPL,0.63,3.89,93626000000.0,912207857540,43.93537275064267,170.9086,19
93,2018-03-27,Apple Inc.,AAPL,0.63,3.89,93626000000.0,912207857540,42.80881748071979,166.5263,19
94,2018-03-28,Apple Inc.,AAPL,0.63,3.89,93626000000.0,912207857540,42.335809768637525,164.6863,19
95,2018-03-29,Apple Inc.,AAPL,0.63,3.89,93626000000.0,912207857540,42.66640102827763,165.9723,19
96,2018-04-02,Apple Inc.,AAPL,0.63,3.89,93626000000.0,912207857540,42.386683804627246,164.8842,19
97,2018-04-03,Apple Inc.,AAPL,0.63,3.89,93626000000.0,912207857540,42.82151670951157,166.5757,19
98,2018-04-04,Apple Inc.,AAPL,0.63,3.89,93626000000.0,912207857540,43.640385604113106,169.7611,19
99,2018-04-05,Apple Inc.,AAPL,0.63,3.89,93626000000.0,912207857540,43.94298200514139,170.9382,19
100,2018-04-06,Apple Inc.,AAPL,0.63,3.89,93626000000.0,912207857540,42.81899742930591,166.5659,19
101,2018-04-09,Apple Inc.,AAPL,0.63,3.89,93626000000.0,912207857540,43.24367609254498,168.2179,19
102,2018-04-10,Apple Inc.,AAPL,0.63,3.89,93626000000.0,912207857540,44.05742930591259,171.3834,19
103,2018-04-11,Apple Inc.,AAPL,0.63,3.89,93626000000.0,912207857540,43.85143958868894,170.5821,19
104,2018-04-12,Apple Inc.,AAPL,0.63,3.89,93626000000.0,912207857540,44.28375321336761,172.2638,19
105,2018-04-13,Apple Inc.,AAPL,0.63,3.89,93626000000.0,912207857540,44.43377892030848,172.8474,19
106,2018-04-16,Apple Inc.,AAPL,0.63,3.89,93626000000.0,912207857540,44.71097686375322,173.9257,19
107,2018-04-17,Apple Inc.,AAPL,0.63,3.89,93626000000.0,912207857540,45.32637532133676,176.3196,19
108,2018-04-18,Apple Inc.,AAPL,0.63,3.89,93626000000.0,912207857540,45.2246529562982,175.9239,19
109,2018-04-19,Apple Inc.,AAPL,0.63,3.89,93626000000.0,912207857540,43.94298200514139,170.9382,19
110,2018-04-20,Apple Inc.,AAPL,0.63,3.89,93626000000.0,912207857540,42.14254498714653,163.9345,19
111,2018-04-23,Apple Inc.,AAPL,0.63,3.89,93626000000.0,912207857540,42.02048843187661,163.4597,19
112,2018-04-24,Apple Inc.,AAPL,0.63,3.89,93626000000.0,912207857540,41.43560411311054,161.1845,19
113,2018-04-25,Apple Inc.,AAPL,0.63,3.89,93626000000.0,912207857540,41.61614395886889,161.8868,19
114,2018-04-26,Apple Inc.,AAPL,0.63,3.89,93626000000.0,912207857540,41.76110539845759,162.4507,19
115,2018-04-27,Apple Inc.,AAPL,0.63,3.89,93626000000.0,912207857540,41.2779177377892,160.5711,19
116,2018-04-30,Apple Inc.,AAPL,0.63,3.89,93626000000.0,912207857540,42.025578406169664,163.4795,19
117,2018-05-01,Apple Inc.,AAPL,0.63,3.89,93626000000.0,912207857540,43.00208226221079,167.2781,19
118,2018-05-02,Apple Inc.,AAPL,0.63,3.89,93626000000.0,912207857540,44.901696658097684,174.6676,19
119,2018-05-03,Apple Inc.,AAPL,0.63,3.89,93626000000.0,912207857540,44.98308483290488,174.9842,19
120,2018-05-04,Apple Inc.,AAPL,0.63,3.89,93626000000.0,912207857540,46.7479177377892,181.8494,19
121,2018-05-07,Apple Inc.,AAPL,0.63,3.89,93626000000.0,912207857540,47.086143958868895,183.1651,19
122,2018-05-08,Apple Inc.,AAPL,0.63,3.89,93626000000.0,912207857540,47.31246786632391,184.0455,19
123,2018-05-09,Apple Inc.,AAPL,0.63,3.89,93626000000.0,912207857540,47.64560411311054,185.3414,19
124,2018-05-10,Apple Inc.,AAPL,0.63,3.89,93626000000.0,912207857540,48.327120822622106,187.9925,19
125,2018-05-11,Apple Inc.,AAPL,0.63,3.89,93626000000.0,912207857540,48.14329048843187,187.2774,19
126,2018-05-14,Apple Inc.,AAPL,0.63,3.89,93626000000.0,912207857540,48.03097686375321,186.8405,19
127,2018-05-15,Apple Inc.,AAPL,0.63,3.89,93626000000.0,912207857540,47.59444730077121,185.1424,19
128,2018-05-16,Apple Inc.,AAPL,0.63,3.89,93626000000.0,912207857540,48.03863753213367,186.8703,19
129,2018-05-17,Apple Inc.,AAPL,0.63,3.89,93626000000.0,912207857540,47.734858611825196,185.6886,19
130,2018-05-18,Apple Inc.,AAPL,0.63,3.89,93626000000.0,912207857540,47.561259640102826,185.0133,19
131,2018-05-21,Apple Inc.,AAPL,0.63,3.89,93626000000.0,912207857540,47.89822622107969,186.3241,19
132,2018-05-22,Apple Inc.,AAPL,0.63,3.89,93626000000.0,912207857540,47.778251928020566,185.8574,19
133,2018-05-23,Apple Inc.,AAPL,0.63,3.89,93626000000.0,912207857540,48.084575835475576,187.049,19
134,2018-05-24,Apple Inc.,AAPL,0.63,3.89,93626000000.0,912207857540,48.03097686375321,186.8405,19
135,2018-05-25,Apple Inc.,AAPL,0.63,3.89,93626000000.0,912207857540,48.14074550128535,187.2675,19
136,2018-05-29,Apple Inc.,AAPL,0.63,3.89,93626000000.0,912207857540,47.96714652956298,186.5922,19
137,2018-05-30,Apple Inc.,AAPL,0.63,3.89,93626000000.0,912207857540,47.86503856041131,186.195,19
138,2018-05-31,Apple Inc.,AAPL,0.63,3.89,93626000000.0,912207857540,47.70421593830334,185.5694,19
139,2018-06-01,Apple Inc.,AAPL,0.63,3.89,93626000000.0,912207857540,48.56452442159383,188.916,19
140,2018-06-04,Apple Inc.,AAPL,0.63,3.89,93626000000.0,912207857540,48.97041131105399,190.4949,19
141,2018-06-05,Apple Inc.,AAPL,0.63,3.89,93626000000.0,912207857540,49.348226221079685,191.9646,19
142,2018-06-06,Apple Inc.,AAPL,0.63,3.89,93626000000.0,912207857540,49.51925449871465,192.6299,19
143,2018-06-07,Apple Inc.,AAPL,0.63,3.89,93626000000.0,912207857540,49.386503856041124,192.1135,19
144,2018-06-08,Apple Inc.,AAPL,0.63,3.89,93626000000.0,912207857540,48.937223650385604,190.3658,19
145,2018-06-11,Apple Inc.,AAPL,0.63,3.89,93626000000.0,912207857540,48.817249357326475,189.8991,19
146,2018-06-12,Apple Inc.,AAPL,0.63,3.89,93626000000.0,912207857540,49.08529562982005,190.9418,19
147,2018-06-13,Apple Inc.,AAPL,0.63,3.89,93626000000.0,912207857540,48.681953727506425,189.3728,19
148,2018-06-14,Apple Inc.,AAPL,0.63,3.89,93626000000.0,912207857540,48.70748071979435,189.4721,19
149,2018-06-15,Apple Inc.,AAPL,0.63,3.89,93626000000.0,912207857540,48.20712082262211,187.5257,19
150,2018-06-18,Apple Inc.,AAPL,0.63,3.89,93626000000.0,912207857540,48.18159383033419,187.4264,19
151,2018-06-19,Apple Inc.,AAPL,0.63,3.89,93626000000.0,912207857540,47.40298200514139,184.3976,19
152,2018-06-20,Apple Inc.,AAPL,0.63,3.89,93626000000.0,912207857540,47.609768637532135,185.202,19
153,2018-06-21,Apple Inc.,AAPL,0.63,3.89,93626000000.0,912207857540,47.344267352185085,184.1692,19
154,2018-06-22,Apple Inc.,AAPL,0.63,3.89,93626000000.0,912207857540,47.20642673521851,183.633,19
155,2018-06-25,Apple Inc.,AAPL,0.63,3.89,93626000000.0,912207857540,46.504395886889455,180.9021,19
156,2018-06-26,Apple Inc.,AAPL,0.63,3.89,93626000000.0,912207857540,47.081336760925446,183.1464,19
157,2018-06-27,Apple Inc.,AAPL,0.63,3.89,93626000000.0,912207857540,47.01241645244216,182.8783,19
158,2018-06-28,Apple Inc.,AAPL,0.63,3.89,93626000000.0,912207857540,47.35447300771208,184.2089,19
159,2018-06-29,Apple Inc.,AAPL,0.63,3.89,93626000000.0,912207857540,47.25493573264781,183.8217,19
160,2018-07-02,Apple Inc.,AAPL,0.63,3.89,93626000000.0,912207857540,47.7833676092545,185.8773,19
161,2018-07-03,Apple Inc.,AAPL,0.63,3.89,93626000000.0,912207857540,46.95113110539846,182.6399,19
162,2018-07-05,Apple Inc.,AAPL,0.63,3.89,93626000000.0,912207857540,47.328946015424165,184.1096,19
163,2018-07-06,Apple Inc.,AAPL,0.63,3.89,93626000000.0,912207857540,47.98503856041131,186.6618,19
164,2018-07-09,Apple Inc.,AAPL,0.63,3.89,93626000000.0,912207857540,48.65131105398458,189.2536,19
165,2018-07-10,Apple Inc.,AAPL,0.63,3.89,93626000000.0,912207857540,48.59259640102828,189.0252,19
166,2018-07-11,Apple Inc.,AAPL,0.63,3.89,93626000000.0,912207857540,47.96205655526992,186.5724,19
167,2018-07-12,Apple Inc.,AAPL,0.63,3.89,93626000000.0,912207857540,48.766195372750644,189.7005,19
168,2018-07-13,Apple Inc.,AAPL,0.63,3.89,93626000000.0,912207857540,48.8427763496144,189.9984,19
169,2018-07-16,Apple Inc.,AAPL,0.63,3.89,93626000000.0,912207857540,48.73555269922879,189.5813,19
170,2018-07-17,Apple Inc.,AAPL,0.63,3.89,93626000000.0,912207857540,48.873393316195376,190.1175,19
171,2018-07-18,Apple Inc.,AAPL,0.63,3.89,93626000000.0,912207857540,48.6053470437018,189.0748,19
172,2018-07-19,Apple Inc.,AAPL,0.63,3.89,93626000000.0,912207857540,48.9831619537275,190.5445,19
173,2018-07-20,Apple Inc.,AAPL,0.63,3.89,93626000000.0,912207857540,48.87084832904884,190.1076,19
174,2018-07-23,Apple Inc.,AAPL,0.63,3.89,93626000000.0,912207857540,48.91424164524421,190.2764,19
175,2018-07-24,Apple Inc.,AAPL,0.63,3.89,93626000000.0,912207857540,49.269074550128536,191.6567,19
176,2018-07-25,Apple Inc.,AAPL,0.63,3.89,93626000000.0,912207857540,49.73370179948586,193.4641,19
177,2018-07-26,Apple Inc.,AAPL,0.63,3.89,93626000000.0,912207857540,49.577969151670956,192.8583,19
178,2018-07-27,Apple Inc.,AAPL,0.63,3.89,93626000000.0,912207857540,48.753419023136246,189.6508,19
179,2018-07-30,Apple Inc.,AAPL,0.63,3.89,93626000000.0,912207857540,48.48028277634961,188.5883,19
180,2018-07-31,Apple Inc.,AAPL,0.63,3.89,93626000000.0,912207857540,48.57727506426735,188.9656,19
181,2018-08-01,Apple Inc.,AAPL,0.63,3.89,93626000000.0,912207857540,51.43897172236504,200.0976,19
182,2018-08-02,Apple Inc.,AAPL,0.63,3.89,93626000000.0,912207857540,52.9425706940874,205.9466,19
183,2018-08-03,Apple Inc.,AAPL,0.63,3.89,93626000000.0,912207857540,53.095732647814906,206.5424,19
184,2018-08-06,Apple Inc.,AAPL,0.63,3.89,93626000000.0,912207857540,53.37143958868894,207.6149,19
185,2018-08-07,Apple Inc.,AAPL,0.63,3.89,93626000000.0,912207857540,52.871079691516705,205.6685,19
186,2018-08-08,Apple Inc.,AAPL,0.63,3.89,93626000000.0,912207857540,52.9068380462725,205.8076,19
187,2018-08-09,Apple Inc.,AAPL,0.63,3.89,93626000000.0,912207857540,53.322930591259635,207.4262,19
188,2018-08-10,Apple Inc.,AAPL,0.63,3.89,93626000000.0,912207857540,53.164113110539844,206.8084,19
189,2018-08-13,Apple Inc.,AAPL,0.63,3.89,93626000000.0,912207857540,53.50740359897172,208.1438,19
190,2018-08-14,Apple Inc.,AAPL,0.63,3.89,93626000000.0,912207857540,53.73282776349615,209.0207,19
191,2018-08-15,Apple Inc.,AAPL,0.63,3.89,93626000000.0,912207857540,53.858354755784056,209.509,19
192,2018-08-16,Apple Inc.,AAPL,0.63,3.89,93626000000.0,912207857540,54.64737789203085,212.5783,19
193,2018-08-17,Apple Inc.,AAPL,0.63,3.89,93626000000.0,912207857540,55.73868894601542,216.8235,19
194,2018-08-20,Apple Inc.,AAPL,0.63,3.89,93626000000.0,912207857540,55.195578406169666,214.7108,19
195,2018-08-21,Apple Inc.,AAPL,0.63,3.89,93626000000.0,912207857540,55.08799485861183,214.2923,19
196,2018-08-22,Apple Inc.,AAPL,0.63,3.89,93626000000.0,912207857540,55.090565552699225,214.3023,19
197,2018-08-23,Apple Inc.,AAPL,0.63,3.89,93626000000.0,912207857540,55.203264781491,214.7407,19
198,2018-08-24,Apple Inc.,AAPL,0.63,3.89,93626000000.0,912207857540,55.37491002570694,215.4084,19
199,2018-08-27,Apple Inc.,AAPL,0.63,3.89,93626000000.0,912207857540,55.83089974293059,217.1822,19
200,2018-08-28,Apple Inc.,AAPL,0.63,3.89,93626000000.0,912207857540,56.28177377892031,218.9361,19
201,2018-08-29,Apple Inc.,AAPL,0.63,3.89,93626000000.0,912207857540,57.12203084832905,222.2047,19
202,2018-08-30,Apple Inc.,AAPL,0.63,3.89,93626000000.0,912207857540,57.64719794344473,224.2476,19
203,2018-08-31,Apple Inc.,AAPL,0.63,3.89,93626000000.0,912207857540,58.31323907455013,226.8385,19
204,2018-09-04,Apple Inc.,AAPL,0.63,3.89,93626000000.0,912207857540,58.50025706940874,227.566,19
205,2018-09-05,Apple Inc.,AAPL,0.63,3.89,93626000000.0,912207857540,58.11856041131105,226.0812,19
206,2018-09-06,Apple Inc.,AAPL,0.63,3.89,93626000000.0,912207857540,57.15277634961439,222.3243,19
207,2018-09-07,Apple Inc.,AAPL,0.63,3.89,93626000000.0,912207857540,56.691645244215934,220.5305,19
208,2018-09-10,Apple Inc.,AAPL,0.63,3.89,93626000000.0,912207857540,55.93082262210797,217.5709,19
209,2018-09-11,Apple Inc.,AAPL,0.63,3.89,93626000000.0,912207857540,57.34491002570694,223.0717,19
210,2018-09-12,Apple Inc.,AAPL,0.63,3.89,93626000000.0,912207857540,56.63272493573265,220.3013,19
211,2018-09-13,Apple Inc.,AAPL,0.63,3.89,93626000000.0,912207857540,58.00071979434448,225.6228,19
212,2018-09-14,Apple Inc.,AAPL,0.63,3.89,93626000000.0,912207857540,57.342339331619534,223.0617,19
213,2018-09-17,Apple Inc.,AAPL,0.63,3.89,93626000000.0,912207857540,55.815526992287914,217.1224,19
214,2018-09-18,Apple Inc.,AAPL,0.63,3.89,93626000000.0,912207857540,55.90776349614396,217.4812,19
215,2018-09-19,Apple Inc.,AAPL,0.63,3.89,93626000000.0,912207857540,55.94105398457584,217.6107,19
216,2018-09-20,Apple Inc.,AAPL,0.63,3.89,93626000000.0,912207857540,56.366323907455005,219.265,19
217,2018-09-21,Apple Inc.,AAPL,0.63,3.89,93626000000.0,912207857540,55.75917737789203,216.9032,19
218,2018-09-24,Apple Inc.,AAPL,0.63,3.89,93626000000.0,912207857540,56.561002570694086,220.0223,19
219,2018-09-25,Apple Inc.,AAPL,0.63,3.89,93626000000.0,912207857540,56.919640102827756,221.4174,19
220,2018-09-26,Apple Inc.,AAPL,0.63,3.89,93626000000.0,912207857540,56.466221079691515,219.6536,19
221,2018-09-27,Apple Inc.,AAPL,0.63,3.89,93626000000.0,912207857540,57.62668380462725,224.1678,19
222,2018-09-28,Apple Inc.,AAPL,0.63,3.89,93626000000.0,912207857540,57.82907455012853,224.9551,19
223,2018-10-01,Apple Inc.,AAPL,0.63,3.89,93626000000.0,912207857540,58.218457583547554,226.4698,19
224,2018-10-02,Apple Inc.,AAPL,0.63,3.89,93626000000.0,912207857540,58.7359383033419,228.4828,19
225,2018-10-03,Apple Inc.,AAPL,0.63,3.89,93626000000.0,912207857540,59.45066838046272,231.2631,19
226,2018-10-04,Apple Inc.,AAPL,0.63,3.89,93626000000.0,912207857540,58.40547557840617,227.1973,19
227,2018-10-05,Apple Inc.,AAPL,0.63,3.89,93626000000.0,912207857540,57.45760925449871,223.5101,19
228,2018-10-08,Apple Inc.,AAPL,0.63,3.89,93626000000.0,912207857540,57.32442159383033,222.992,19
229,2018-10-09,Apple Inc.,AAPL,0.63,3.89,93626000000.0,912207857540,58.11856041131105,226.0812,19
230,2018-10-10,Apple Inc.,AAPL,0.63,3.89,93626000000.0,912207857540,55.42614395886889,215.6077,19
231,2018-10-11,Apple Inc.,AAPL,0.63,3.89,93626000000.0,912207857540,54.936863753213366,213.7044,19
232,2018-10-12,Apple Inc.,AAPL,0.63,3.89,93626000000.0,912207857540,56.899151670951156,221.3377,19
233,2018-10-15,Apple Inc.,AAPL,0.63,3.89,93626000000.0,912207857540,55.682313624678656,216.6042,19
234,2018-10-16,Apple Inc.,AAPL,0.63,3.89,93626000000.0,912207857540,56.90940874035989,221.3776,19
235,2018-10-17,Apple Inc.,AAPL,0.63,3.89,93626000000.0,912207857540,56.66347043701799,220.4209,19
236,2018-10-18,Apple Inc.,AAPL,0.63,3.89,93626000000.0,912207857540,55.33904884318766,215.2689,19
237,2018-10-19,Apple Inc.,AAPL,0.63,3.89,93626000000.0,912207857540,56.18187660668381,218.5475,19
238,2018-10-22,Apple Inc.,AAPL,0.63,3.89,93626000000.0,912207857540,56.52514138817481,219.8828,19
239,2018-10-23,Apple Inc.,AAPL,0.63,3.89,93626000000.0,912207857540,57.05799485861183,221.9556,19
240,2018-10-24,Apple Inc.,AAPL,0.63,3.89,93626000000.0,912207857540,55.10079691516709,214.3421,19
241,2018-10-25,Apple Inc.,AAPL,0.63,3.89,93626000000.0,912207857540,56.30740359897172,219.0358,19
242,2018-10-26,Apple Inc.,AAPL,0.63,3.89,93626000000.0,912207857540,55.410771208226215,215.5479,19
243,2018-10-29,Apple Inc.,AAPL,0.63,3.89,93626000000.0,912207857540,54.3706940874036,211.502,19
244,2018-10-30,Apple Inc.,AAPL,0.63,3.89,93626000000.0,912207857540,54.642262210796915,212.5584,19
245,2018-10-31,Apple Inc.,AAPL,0.63,3.89,93626000000.0,912207857540,56.06658097686375,218.099,19
246,2018-11-01,Apple Inc.,AAPL,0.63,3.89,93626000000.0,912207857540,56.927326478149105,221.4473,19
247,2018-11-02,Apple Inc.,AAPL,0.63,3.89,93626000000.0,912207857540,53.15131105398457,206.7586,19
248,2018-11-05,Apple Inc.,AAPL,0.63,3.89,93626000000.0,912207857540,51.64244215938304,200.8891,19
249,2018-11-06,Apple Inc.,AAPL,0.63,3.89,93626000000.0,912207857540,52.20089974293059,203.0615,19
250,2018-11-07,Apple Inc.,AAPL,0.63,3.89,93626000000.0,912207857540,53.78406169665809,209.22,19
251,2018-11-08,Apple Inc.,AAPL,0.63,3.89,93626000000.0,912207857540,53.59640102827763,208.49,19
252,2018-11-09,Apple Inc.,AAPL,0.63,3.89,93626000000.0,912207857540,52.562982005141386,204.47,19
253,2018-11-12,Apple Inc.,AAPL,0.63,3.89,93626000000.0,912207857540,49.91516709511568,194.17,19
254,2018-11-13,Apple Inc.,AAPL,0.63,3.89,93626000000.0,912207857540,49.416452442159375,192.23,19
