,Unnamed: 0,Unnamed: 0.1,Unnamed: 0.1.1,date,company,symbol,dividend,eps,grossProfit,marketcap,pe,price,revenuePerShare,nasdaqIndex
0,0,0,0,2017-11-24,Apple Inc.,AAPL,0.63,2.9675,93626000000.0,838891458440,58.0899747262005,172.382,19,6889.160156
1,1,1,1,2017-11-27,Apple Inc.,AAPL,0.63,2.9675,93626000000.0,838891458440,57.7978096040438,171.515,19,6878.52002
2,2,2,2,2017-11-28,Apple Inc.,AAPL,0.63,2.9675,93626000000.0,838891458440,57.45917438921651,170.5101,19,6912.359863
3,3,3,3,2017-11-29,Apple Inc.,AAPL,0.63,2.9675,93626000000.0,838891458440,56.267295703454074,166.9732,19,6824.390137
4,4,4,4,2017-11-30,Apple Inc.,AAPL,0.63,2.9675,93626000000.0,838891458440,57.0541196293176,169.3081,19,6873.970215
5,5,5,5,2017-12-01,Apple Inc.,AAPL,0.63,2.9675,93626000000.0,838891458440,56.788508845829824,168.5199,19,6847.589844
6,6,6,6,2017-12-04,Apple Inc.,AAPL,0.63,2.9675,93626000000.0,838891458440,56.37351305812973,167.2884,19,6775.370117
7,7,7,7,2017-12-05,Apple Inc.,AAPL,0.63,2.9675,93626000000.0,838891458440,56.3204043807919,167.1308,19,6762.209961
8,8,8,8,2017-12-06,Apple Inc.,AAPL,0.63,2.9675,93626000000.0,838891458440,56.11123841617522,166.5101,19,6776.379883
9,9,9,9,2017-12-07,Apple Inc.,AAPL,0.63,2.9675,93626000000.0,838891458440,56.21415332771692,166.8155,19,6812.839844
10,10,10,10,2017-12-08,Apple Inc.,AAPL,0.63,2.9675,93626000000.0,838891458440,56.230766638584655,166.8648,19,6840.080078
11,11,11,11,2017-12-11,Apple Inc.,AAPL,0.63,2.9675,93626000000.0,838891458440,57.32636899747262,170.11599999999999,19,6875.080078
12,12,12,12,2017-12-12,Apple Inc.,AAPL,0.63,2.9675,93626000000.0,838891458440,57.004313395113726,169.1603,19,6862.319823999999
13,13,13,13,2017-12-13,Apple Inc.,AAPL,0.63,2.9675,93626000000.0,838891458440,57.19356360572874,169.7219,19,6875.799805
14,14,14,14,2017-12-14,Apple Inc.,AAPL,0.63,2.9675,93626000000.0,838891458440,57.176950294860994,169.6726,19,6856.529785
15,15,15,15,2017-12-15,Apple Inc.,AAPL,0.63,2.9675,93626000000.0,838891458440,57.757944397641104,171.3967,19,6936.580078
16,16,16,16,2017-12-18,Apple Inc.,AAPL,0.63,2.9675,93626000000.0,838891458440,58.571356360572864,173.8105,19,6994.759765999999
17,17,17,17,2017-12-19,Apple Inc.,AAPL,0.63,2.9675,93626000000.0,838891458440,57.947194608256105,171.9583,19,6963.850098000001
18,18,18,18,2017-12-20,Apple Inc.,AAPL,0.63,2.9675,93626000000.0,838891458440,57.88411120471777,171.7711,19,6960.959961
19,19,19,19,2017-12-21,Apple Inc.,AAPL,0.63,2.9675,93626000000.0,838891458440,58.10325189553496,172.4214,19,6965.359863
20,20,20,20,2017-12-22,Apple Inc.,AAPL,0.63,2.9675,93626000000.0,838891458440,58.10325189553496,172.4214,19,6959.959961
21,21,21,21,2017-12-26,Apple Inc.,AAPL,0.63,2.9675,93626000000.0,838891458440,56.62914911541702,168.047,19,6936.25
22,22,22,22,2017-12-27,Apple Inc.,AAPL,0.63,2.9675,93626000000.0,838891458440,56.639123841617526,168.0766,19,6939.339844
23,23,23,23,2017-12-28,Apple Inc.,AAPL,0.63,2.9675,93626000000.0,838891458440,56.79848357203033,168.5495,19,6950.160156
24,24,24,24,2017-12-29,Apple Inc.,AAPL,0.63,2.9675,93626000000.0,838891458440,56.184296545914066,166.7269,19,6903.390137
25,25,25,25,2018-01-02,Apple Inc.,AAPL,0.63,2.9675,93626000000.0,838891458440,57.19022746419545,169.71200000000005,19,7006.899901999999
26,26,26,26,2018-01-03,Apple Inc.,AAPL,0.63,2.9675,93626000000.0,838891458440,57.18028643639427,169.6825,19,7065.529785
27,27,27,27,2018-01-04,Apple Inc.,AAPL,0.63,2.9675,93626000000.0,838891458440,57.44589721988205,170.4707,19,7077.910156
28,28,28,28,2018-01-05,Apple Inc.,AAPL,0.63,2.9675,93626000000.0,838891458440,58.099915754001685,172.4115,19,7136.560059
29,29,29,29,2018-01-08,Apple Inc.,AAPL,0.63,2.9675,93626000000.0,838891458440,57.88411120471777,171.7711,19,7157.390137
30,30,30,30,2018-01-09,Apple Inc.,AAPL,0.63,2.9675,93626000000.0,838891458440,57.87747262005053,171.7514,19,7163.580078
31,31,31,31,2018-01-10,Apple Inc.,AAPL,0.63,2.9675,93626000000.0,838891458440,57.864195450716075,171.71200000000005,19,7153.569823999999
32,32,32,32,2018-01-11,Apple Inc.,AAPL,0.63,2.9675,93626000000.0,838891458440,58.19288963774221,172.6874,19,7211.779785
33,33,33,33,2018-01-12,Apple Inc.,AAPL,0.63,2.9675,93626000000.0,838891458440,58.793799494524,174.4706,19,7261.060059
34,34,34,34,2018-01-16,Apple Inc.,AAPL,0.63,2.9675,93626000000.0,838891458440,58.494995787700084,173.5839,19,7223.689941
35,35,35,35,2018-01-17,Apple Inc.,AAPL,0.63,2.9675,93626000000.0,838891458440,59.46112889637742,176.4509,19,7298.279785
36,36,36,36,2018-01-18,Apple Inc.,AAPL,0.63,2.9675,93626000000.0,838891458440,59.51423757371524,176.6085,19,7296.049805
37,37,37,37,2018-01-19,Apple Inc.,AAPL,0.63,2.9675,93626000000.0,838891458440,59.24862679022746,175.8203,19,7336.379883
38,38,38,38,2018-01-22,Apple Inc.,AAPL,0.63,2.9675,93626000000.0,838891458440,58.76390901432183,174.3819,19,7408.029785
39,39,39,39,2018-01-23,Apple Inc.,AAPL,0.63,2.9675,93626000000.0,838891458440,58.77718618365628,174.4213,19,7460.290039
40,40,40,40,2018-01-24,Apple Inc.,AAPL,0.63,2.9675,93626000000.0,838891458440,57.84094355518114,171.643,19,7415.060059
41,41,41,41,2018-01-25,Apple Inc.,AAPL,0.63,2.9675,93626000000.0,838891458440,56.8084245998315,168.579,19,7411.160156
42,42,42,42,2018-01-26,Apple Inc.,AAPL,0.63,2.9675,93626000000.0,838891458440,56.94122999157539,168.9731,19,7505.77002
43,43,43,43,2018-01-29,Apple Inc.,AAPL,0.63,2.9675,93626000000.0,838891458440,55.762628475147416,165.4756,19,7466.509765999999
44,44,44,44,2018-01-30,Apple Inc.,AAPL,0.63,2.9675,93626000000.0,838891458440,55.43396798652064,164.5003,19,7402.47998
45,45,45,45,2018-01-31,Apple Inc.,AAPL,0.63,2.9675,93626000000.0,838891458440,55.58668913226621,164.9535,19,7411.47998
46,46,46,46,2018-02-01,Apple Inc.,AAPL,0.63,2.9675,93626000000.0,838891458440,55.70288121314238,165.2983,19,7385.859863
47,47,47,47,2018-02-02,Apple Inc.,AAPL,0.63,3.89,93626000000.0,838891458440,40.649357326478146,158.126,19,7240.950195
48,48,48,48,2018-02-05,Apple Inc.,AAPL,0.63,3.89,93626000000.0,838891458440,39.63375321336761,154.1753,19,6967.529785
49,49,49,49,2018-02-06,Apple Inc.,AAPL,0.63,3.89,93626000000.0,838891458440,41.290128534704365,160.6186,19,7115.879883
50,50,50,50,2018-02-07,Apple Inc.,AAPL,0.63,3.89,93626000000.0,838891458440,40.40622107969153,157.1802,19,7051.97998
51,51,51,51,2018-02-08,Apple Inc.,AAPL,0.63,3.89,93626000000.0,838891458440,39.294370179948594,152.8551,19,6777.160156
52,52,52,52,2018-02-09,Apple Inc.,AAPL,0.63,3.89,93626000000.0,838891458440,39.775012853470436,154.7248,19,6874.490234000001
53,53,53,53,2018-02-12,Apple Inc.,AAPL,0.63,3.89,93626000000.0,838891458440,41.37709511568123,160.9569,19,6981.959961
54,54,54,54,2018-02-13,Apple Inc.,AAPL,0.63,3.89,93626000000.0,838891458440,41.79161953727506,162.5694,19,7013.509765999999
55,55,55,55,2018-02-14,Apple Inc.,AAPL,0.63,3.89,93626000000.0,838891458440,42.56213367609253,165.5667,19,7143.620117
56,56,56,56,2018-02-15,Apple Inc.,AAPL,0.63,3.89,93626000000.0,838891458440,43.991311053984575,171.1262,19,7256.430176000001
57,57,57,57,2018-02-16,Apple Inc.,AAPL,0.63,3.89,93626000000.0,838891458440,43.848894601542426,170.5722,19,7239.470215
58,58,58,58,2018-02-20,Apple Inc.,AAPL,0.63,3.89,93626000000.0,838891458440,43.701413881748074,169.9985,19,7234.310059
59,59,59,59,2018-02-21,Apple Inc.,AAPL,0.63,3.89,93626000000.0,838891458440,43.503059125964015,169.2269,19,7218.22998
60,60,60,60,2018-02-22,Apple Inc.,AAPL,0.63,3.89,93626000000.0,838891458440,43.86670951156814,170.6415,19,7210.089844
61,61,61,61,2018-02-23,Apple Inc.,AAPL,0.63,3.89,93626000000.0,838891458440,44.629588688946015,173.6091,19,7337.390137
62,62,62,62,2018-02-26,Apple Inc.,AAPL,0.63,3.89,93626000000.0,838891458440,45.51203084832905,177.0418,19,7421.459961
63,63,63,63,2018-02-27,Apple Inc.,AAPL,0.63,3.89,93626000000.0,838891458440,45.36452442159383,176.468,19,7330.350098000001
64,64,64,64,2018-02-28,Apple Inc.,AAPL,0.63,3.89,93626000000.0,838891458440,45.29586118251928,176.2009,19,7273.009765999999
65,65,65,65,2018-03-01,Apple Inc.,AAPL,0.63,3.89,93626000000.0,838891458440,44.50244215938303,173.1145,19,7180.560059
66,66,66,66,2018-03-02,Apple Inc.,AAPL,0.63,3.89,93626000000.0,838891458440,44.81015424164524,174.3115,19,7257.870117
67,67,67,67,2018-03-05,Apple Inc.,AAPL,0.63,3.89,93626000000.0,838891458440,44.96526992287917,174.9149,19,7330.709961
68,68,68,68,2018-03-06,Apple Inc.,AAPL,0.63,3.89,93626000000.0,838891458440,44.92712082262211,174.7665,19,7372.009765999999
69,69,69,69,2018-03-07,Apple Inc.,AAPL,0.63,3.89,93626000000.0,838891458440,44.51007712082262,173.1442,19,7396.649901999999
70,70,70,70,2018-03-08,Apple Inc.,AAPL,0.63,3.89,93626000000.0,838891458440,44.995784061696654,175.0336,19,7427.950195
71,71,71,71,2018-03-09,Apple Inc.,AAPL,0.63,3.89,93626000000.0,838891458440,45.76886889460154,178.0409,19,7560.810059
72,72,72,72,2018-03-12,Apple Inc.,AAPL,0.63,3.89,93626000000.0,838891458440,46.21133676092546,179.7621,19,7588.319823999999
73,73,73,73,2018-03-13,Apple Inc.,AAPL,0.63,3.89,93626000000.0,838891458440,45.766323907454996,178.03099999999995,19,7511.009765999999
74,74,74,74,2018-03-14,Apple Inc.,AAPL,0.63,3.89,93626000000.0,838891458440,45.37724935732648,176.5175,19,7496.810059
75,75,75,75,2018-03-15,Apple Inc.,AAPL,0.63,3.89,93626000000.0,838891458440,45.43064267352185,176.7252,19,7481.740234000001
76,76,76,76,2018-03-16,Apple Inc.,AAPL,0.63,3.89,93626000000.0,838891458440,45.27043701799486,176.102,19,7481.990234000001
77,77,77,77,2018-03-19,Apple Inc.,AAPL,0.63,3.89,93626000000.0,838891458440,44.578740359897175,173.4113,19,7344.240234000001
78,78,78,78,2018-03-20,Apple Inc.,AAPL,0.63,3.89,93626000000.0,838891458440,44.56347043701799,173.3519,19,7364.299805
79,79,79,79,2018-03-21,Apple Inc.,AAPL,0.63,3.89,93626000000.0,838891458440,43.553907455012855,169.4247,19,7345.290039
80,80,80,80,2018-03-22,Apple Inc.,AAPL,0.63,3.89,93626000000.0,838891458440,42.938508997429295,167.0308,19,7166.680176000001
81,81,81,81,2018-03-23,Apple Inc.,AAPL,0.63,3.89,93626000000.0,838891458440,41.94419023136247,163.1629,19,6992.669922
82,82,82,82,2018-03-26,Apple Inc.,AAPL,0.63,3.89,93626000000.0,838891458440,43.93537275064267,170.9086,19,7220.540039
83,83,83,83,2018-03-27,Apple Inc.,AAPL,0.63,3.89,93626000000.0,838891458440,42.80881748071979,166.5263,19,7008.810059
84,84,84,84,2018-03-28,Apple Inc.,AAPL,0.63,3.89,93626000000.0,838891458440,42.33580976863753,164.6863,19,6949.22998
85,85,85,85,2018-03-29,Apple Inc.,AAPL,0.63,3.89,93626000000.0,838891458440,42.66640102827763,165.9723,19,7063.450195
86,86,86,86,2018-04-02,Apple Inc.,AAPL,0.63,3.89,93626000000.0,838891458440,42.38668380462725,164.8842,19,6870.120117
87,87,87,87,2018-04-03,Apple Inc.,AAPL,0.63,3.89,93626000000.0,838891458440,42.82151670951157,166.5757,19,6941.279785
88,88,88,88,2018-04-04,Apple Inc.,AAPL,0.63,3.89,93626000000.0,838891458440,43.64038560411311,169.7611,19,7042.109863
89,89,89,89,2018-04-05,Apple Inc.,AAPL,0.63,3.89,93626000000.0,838891458440,43.94298200514139,170.9382,19,7076.549805
90,90,90,90,2018-04-06,Apple Inc.,AAPL,0.63,3.89,93626000000.0,838891458440,42.81899742930591,166.5659,19,6915.109863
91,91,91,91,2018-04-09,Apple Inc.,AAPL,0.63,3.89,93626000000.0,838891458440,43.243676092544966,168.2179,19,6950.339844
92,92,92,92,2018-04-10,Apple Inc.,AAPL,0.63,3.89,93626000000.0,838891458440,44.05742930591259,171.3834,19,7094.299805
93,93,93,93,2018-04-11,Apple Inc.,AAPL,0.63,3.89,93626000000.0,838891458440,43.851439588688926,170.5821,19,7069.029785
94,94,94,94,2018-04-12,Apple Inc.,AAPL,0.63,3.89,93626000000.0,838891458440,44.2837532133676,172.2638,19,7140.25
95,95,95,95,2018-04-13,Apple Inc.,AAPL,0.63,3.89,93626000000.0,838891458440,44.43377892030848,172.8474,19,7106.649901999999
96,96,96,96,2018-04-16,Apple Inc.,AAPL,0.63,3.89,93626000000.0,838891458440,44.710976863753224,173.9257,19,7156.279785
97,97,97,97,2018-04-17,Apple Inc.,AAPL,0.63,3.89,93626000000.0,838891458440,45.326375321336755,176.3196,19,7281.100098000001
98,98,98,98,2018-04-18,Apple Inc.,AAPL,0.63,3.89,93626000000.0,838891458440,45.2246529562982,175.9239,19,7295.240234000001
99,99,99,99,2018-04-19,Apple Inc.,AAPL,0.63,3.89,93626000000.0,838891458440,43.94298200514139,170.9382,19,7238.060059
100,100,100,100,2018-04-20,Apple Inc.,AAPL,0.63,3.89,93626000000.0,838891458440,42.14254498714653,163.9345,19,7146.129883
101,101,101,101,2018-04-23,Apple Inc.,AAPL,0.63,3.89,93626000000.0,838891458440,42.020488431876615,163.4597,19,7128.600098000001
102,102,102,102,2018-04-24,Apple Inc.,AAPL,0.63,3.89,93626000000.0,838891458440,41.435604113110536,161.1845,19,7007.350098000001
103,103,103,103,2018-04-25,Apple Inc.,AAPL,0.63,3.89,93626000000.0,838891458440,41.61614395886889,161.8868,19,7003.740234000001
104,104,104,104,2018-04-26,Apple Inc.,AAPL,0.63,3.89,93626000000.0,838891458440,41.7611053984576,162.4507,19,7118.680176000001
105,105,105,105,2018-04-27,Apple Inc.,AAPL,0.63,3.89,93626000000.0,838891458440,41.2779177377892,160.5711,19,7119.799805
106,106,106,106,2018-04-30,Apple Inc.,AAPL,0.63,3.89,93626000000.0,838891458440,42.025578406169664,163.4795,19,7066.27002
107,107,107,107,2018-05-01,Apple Inc.,AAPL,0.63,3.89,93626000000.0,838891458440,43.00208226221079,167.2781,19,7130.700195
108,108,108,108,2018-05-02,Apple Inc.,AAPL,0.63,3.89,93626000000.0,838891458440,44.90169665809768,174.6676,19,7100.899901999999
109,109,109,109,2018-05-03,Apple Inc.,AAPL,0.63,3.89,93626000000.0,838891458440,44.98308483290488,174.9842,19,7088.149901999999
110,110,110,110,2018-05-04,Apple Inc.,AAPL,0.63,3.89,93626000000.0,838891458440,46.7479177377892,181.8494,19,7209.620117
111,111,111,111,2018-05-07,Apple Inc.,AAPL,0.63,3.89,93626000000.0,838891458440,47.086143958868895,183.1651,19,7265.209961
112,112,112,112,2018-05-08,Apple Inc.,AAPL,0.63,3.89,93626000000.0,838891458440,47.31246786632391,184.0455,19,7266.899901999999
113,113,113,113,2018-05-09,Apple Inc.,AAPL,0.63,3.89,93626000000.0,838891458440,47.645604113110544,185.3414,19,7339.910156
114,114,114,114,2018-05-10,Apple Inc.,AAPL,0.63,3.89,93626000000.0,838891458440,48.3271208226221,187.9925,19,7404.970215
115,115,115,115,2018-05-11,Apple Inc.,AAPL,0.63,3.89,93626000000.0,838891458440,48.143290488431866,187.2774,19,7402.879883
116,116,116,116,2018-05-14,Apple Inc.,AAPL,0.63,3.89,93626000000.0,838891458440,48.030976863753224,186.8405,19,7411.319823999999
117,117,117,117,2018-05-15,Apple Inc.,AAPL,0.63,3.89,93626000000.0,838891458440,47.59444730077121,185.1424,19,7351.629883
118,118,118,118,2018-05-16,Apple Inc.,AAPL,0.63,3.89,93626000000.0,838891458440,48.038637532133684,186.8703,19,7398.299805
119,119,119,119,2018-05-17,Apple Inc.,AAPL,0.63,3.89,93626000000.0,838891458440,47.734858611825196,185.6886,19,7382.470215
120,120,120,120,2018-05-18,Apple Inc.,AAPL,0.63,3.89,93626000000.0,838891458440,47.56125964010282,185.0133,19,7354.339844
121,121,121,121,2018-05-21,Apple Inc.,AAPL,0.63,3.89,93626000000.0,838891458440,47.89822622107968,186.3241,19,7394.040039
122,122,122,122,2018-05-22,Apple Inc.,AAPL,0.63,3.89,93626000000.0,838891458440,47.77825192802057,185.8574,19,7378.459961
123,123,123,123,2018-05-23,Apple Inc.,AAPL,0.63,3.89,93626000000.0,838891458440,48.084575835475576,187.049,19,7425.959961
124,124,124,124,2018-05-24,Apple Inc.,AAPL,0.63,3.89,93626000000.0,838891458440,48.030976863753224,186.8405,19,7424.430176000001
125,125,125,125,2018-05-25,Apple Inc.,AAPL,0.63,3.89,93626000000.0,838891458440,48.14074550128535,187.2675,19,7433.850098000001
126,126,126,126,2018-05-29,Apple Inc.,AAPL,0.63,3.89,93626000000.0,838891458440,47.96714652956298,186.5922,19,7396.589844
127,127,127,127,2018-05-30,Apple Inc.,AAPL,0.63,3.89,93626000000.0,838891458440,47.86503856041131,186.195,19,7462.450195
128,128,128,128,2018-05-31,Apple Inc.,AAPL,0.63,3.89,93626000000.0,838891458440,47.704215938303356,185.5694,19,7442.120117
129,129,129,129,2018-06-01,Apple Inc.,AAPL,0.63,3.89,93626000000.0,838891458440,48.56452442159383,188.916,19,7554.330078
130,130,130,130,2018-06-04,Apple Inc.,AAPL,0.63,3.89,93626000000.0,838891458440,48.970411311054,190.4949,19,7606.459961
131,131,131,131,2018-06-05,Apple Inc.,AAPL,0.63,3.89,93626000000.0,838891458440,49.348226221079685,191.9646,19,7637.859863
132,132,132,132,2018-06-06,Apple Inc.,AAPL,0.63,3.89,93626000000.0,838891458440,49.519254498714645,192.6299,19,7689.240234000001
133,133,133,133,2018-06-07,Apple Inc.,AAPL,0.63,3.89,93626000000.0,838891458440,49.38650385604112,192.1135,19,7635.069823999999
134,134,134,134,2018-06-08,Apple Inc.,AAPL,0.63,3.89,93626000000.0,838891458440,48.9372236503856,190.3658,19,7645.509765999999
135,135,135,135,2018-06-11,Apple Inc.,AAPL,0.63,3.89,93626000000.0,838891458440,48.81724935732648,189.8991,19,7659.930176000001
136,136,136,136,2018-06-12,Apple Inc.,AAPL,0.63,3.89,93626000000.0,838891458440,49.08529562982005,190.9418,19,7703.790039
137,137,137,137,2018-06-13,Apple Inc.,AAPL,0.63,3.89,93626000000.0,838891458440,48.68195372750642,189.3728,19,7695.700195
138,138,138,138,2018-06-14,Apple Inc.,AAPL,0.63,3.89,93626000000.0,838891458440,48.70748071979435,189.4721,19,7761.040039
139,139,139,139,2018-06-15,Apple Inc.,AAPL,0.63,3.89,93626000000.0,838891458440,48.20712082262211,187.5257,19,7746.379883
140,140,140,140,2018-06-18,Apple Inc.,AAPL,0.63,3.89,93626000000.0,838891458440,48.18159383033419,187.4264,19,7747.029785
141,141,141,141,2018-06-19,Apple Inc.,AAPL,0.63,3.89,93626000000.0,838891458440,47.40298200514139,184.3976,19,7725.589844
142,142,142,142,2018-06-20,Apple Inc.,AAPL,0.63,3.89,93626000000.0,838891458440,47.60976863753214,185.202,19,7781.509765999999
143,143,143,143,2018-06-21,Apple Inc.,AAPL,0.63,3.89,93626000000.0,838891458440,47.344267352185106,184.1692,19,7712.950195
144,144,144,144,2018-06-22,Apple Inc.,AAPL,0.63,3.89,93626000000.0,838891458440,47.20642673521851,183.63299999999998,19,7692.819823999999
145,145,145,145,2018-06-25,Apple Inc.,AAPL,0.63,3.89,93626000000.0,838891458440,46.504395886889455,180.9021,19,7532.009765999999
146,146,146,146,2018-06-26,Apple Inc.,AAPL,0.63,3.89,93626000000.0,838891458440,47.08133676092545,183.1464,19,7561.629883
147,147,147,147,2018-06-27,Apple Inc.,AAPL,0.63,3.89,93626000000.0,838891458440,47.01241645244216,182.8783,19,7445.080078
148,148,148,148,2018-06-28,Apple Inc.,AAPL,0.63,3.89,93626000000.0,838891458440,47.35447300771208,184.2089,19,7503.680176000001
149,149,149,149,2018-06-29,Apple Inc.,AAPL,0.63,3.89,93626000000.0,838891458440,47.25493573264781,183.8217,19,7510.299805
150,150,150,150,2018-07-02,Apple Inc.,AAPL,0.63,3.89,93626000000.0,838891458440,47.783367609254505,185.8773,19,7567.689941
151,151,151,151,2018-07-03,Apple Inc.,AAPL,0.63,3.89,93626000000.0,838891458440,46.95113110539847,182.6399,19,7502.669922
152,152,152,152,2018-07-05,Apple Inc.,AAPL,0.63,3.89,93626000000.0,838891458440,47.32894601542417,184.1096,19,7586.430176000001
153,153,153,153,2018-07-06,Apple Inc.,AAPL,0.63,3.89,93626000000.0,838891458440,47.98503856041131,186.6618,19,7688.390137
154,154,154,154,2018-07-09,Apple Inc.,AAPL,0.63,3.89,93626000000.0,838891458440,48.65131105398458,189.2536,19,7756.200195
155,155,155,155,2018-07-10,Apple Inc.,AAPL,0.63,3.89,93626000000.0,838891458440,48.59259640102828,189.0252,19,7759.200195
156,156,156,156,2018-07-11,Apple Inc.,AAPL,0.63,3.89,93626000000.0,838891458440,47.96205655526992,186.5724,19,7716.609863
157,157,157,157,2018-07-12,Apple Inc.,AAPL,0.63,3.89,93626000000.0,838891458440,48.766195372750644,189.7005,19,7823.919922
158,158,158,158,2018-07-13,Apple Inc.,AAPL,0.63,3.89,93626000000.0,838891458440,48.842776349614404,189.9984,19,7825.97998
159,159,159,159,2018-07-16,Apple Inc.,AAPL,0.63,3.89,93626000000.0,838891458440,48.73555269922879,189.5813,19,7805.720215
160,160,160,160,2018-07-17,Apple Inc.,AAPL,0.63,3.89,93626000000.0,838891458440,48.87339331619538,190.1175,19,7855.120117
161,161,161,161,2018-07-18,Apple Inc.,AAPL,0.63,3.89,93626000000.0,838891458440,48.6053470437018,189.0748,19,7854.439941
162,162,162,162,2018-07-19,Apple Inc.,AAPL,0.63,3.89,93626000000.0,838891458440,48.9831619537275,190.5445,19,7825.299805
163,163,163,163,2018-07-20,Apple Inc.,AAPL,0.63,3.89,93626000000.0,838891458440,48.87084832904884,190.1076,19,7820.200195
164,164,164,164,2018-07-23,Apple Inc.,AAPL,0.63,3.89,93626000000.0,838891458440,48.91424164524421,190.2764,19,7841.870117
165,165,165,165,2018-07-24,Apple Inc.,AAPL,0.63,3.89,93626000000.0,838891458440,49.269074550128536,191.6567,19,7840.77002
166,166,166,166,2018-07-25,Apple Inc.,AAPL,0.63,3.89,93626000000.0,838891458440,49.73370179948586,193.4641,19,7932.240234000001
167,167,167,167,2018-07-26,Apple Inc.,AAPL,0.63,3.89,93626000000.0,838891458440,49.57796915167096,192.8583,19,7852.180176000001
168,168,168,168,2018-07-27,Apple Inc.,AAPL,0.63,3.89,93626000000.0,838891458440,48.75341902313625,189.6508,19,7737.419922
169,169,169,169,2018-07-30,Apple Inc.,AAPL,0.63,3.89,93626000000.0,838891458440,48.48028277634961,188.5883,19,7630.0
170,170,170,170,2018-07-31,Apple Inc.,AAPL,0.63,3.89,93626000000.0,838891458440,48.57727506426735,188.9656,19,7671.790039
171,171,171,171,2018-08-01,Apple Inc.,AAPL,0.63,3.89,93626000000.0,838891458440,51.43897172236504,200.0976,19,7707.290039
172,172,172,172,2018-08-02,Apple Inc.,AAPL,0.63,3.89,93626000000.0,838891458440,52.9425706940874,205.9466,19,7802.689941
173,173,173,173,2018-08-03,Apple Inc.,AAPL,0.63,3.89,93626000000.0,838891458440,53.09573264781489,206.5424,19,7812.009765999999
174,174,174,174,2018-08-06,Apple Inc.,AAPL,0.63,3.89,93626000000.0,838891458440,53.371439588688936,207.6149,19,7859.680176000001
175,175,175,175,2018-08-07,Apple Inc.,AAPL,0.63,3.89,93626000000.0,838891458440,52.87107969151671,205.6685,19,7883.660156
176,176,176,176,2018-08-08,Apple Inc.,AAPL,0.63,3.89,93626000000.0,838891458440,52.9068380462725,205.8076,19,7888.330078
177,177,177,177,2018-08-09,Apple Inc.,AAPL,0.63,3.89,93626000000.0,838891458440,53.32293059125964,207.4262,19,7891.779785
178,178,178,178,2018-08-10,Apple Inc.,AAPL,0.63,3.89,93626000000.0,838891458440,53.164113110539844,206.8084,19,7839.109863
179,179,179,179,2018-08-13,Apple Inc.,AAPL,0.63,3.89,93626000000.0,838891458440,53.50740359897172,208.1438,19,7819.709961
180,180,180,180,2018-08-14,Apple Inc.,AAPL,0.63,3.89,93626000000.0,838891458440,53.73282776349616,209.0207,19,7870.890137
181,181,181,181,2018-08-15,Apple Inc.,AAPL,0.63,3.89,93626000000.0,838891458440,53.85835475578406,209.50900000000001,19,7774.120117
182,182,182,182,2018-08-16,Apple Inc.,AAPL,0.63,3.89,93626000000.0,838891458440,54.647377892030846,212.5783,19,7806.52002
183,183,183,183,2018-08-17,Apple Inc.,AAPL,0.63,3.89,93626000000.0,838891458440,55.73868894601542,216.8235,19,7816.330078
184,184,184,184,2018-08-20,Apple Inc.,AAPL,0.63,3.89,93626000000.0,838891458440,55.19557840616967,214.7108,19,7821.009765999999
185,185,185,185,2018-08-21,Apple Inc.,AAPL,0.63,3.89,93626000000.0,838891458440,55.08799485861183,214.2923,19,7859.169922
186,186,186,186,2018-08-22,Apple Inc.,AAPL,0.63,3.89,93626000000.0,838891458440,55.090565552699225,214.3023,19,7889.100098000001
187,187,187,187,2018-08-23,Apple Inc.,AAPL,0.63,3.89,93626000000.0,838891458440,55.203264781491,214.7407,19,7878.459961
188,188,188,188,2018-08-24,Apple Inc.,AAPL,0.63,3.89,93626000000.0,838891458440,55.37491002570694,215.4084,19,7945.97998
189,189,189,189,2018-08-27,Apple Inc.,AAPL,0.63,3.89,93626000000.0,838891458440,55.83089974293059,217.1822,19,8017.899901999999
190,190,190,190,2018-08-28,Apple Inc.,AAPL,0.63,3.89,93626000000.0,838891458440,56.28177377892032,218.9361,19,8030.040039
191,191,191,191,2018-08-29,Apple Inc.,AAPL,0.63,3.89,93626000000.0,838891458440,57.12203084832905,222.2047,19,8109.689941
192,192,192,192,2018-08-30,Apple Inc.,AAPL,0.63,3.89,93626000000.0,838891458440,57.64719794344473,224.2476,19,8088.359863
193,193,193,193,2018-08-31,Apple Inc.,AAPL,0.63,3.89,93626000000.0,838891458440,58.31323907455013,226.8385,19,8109.540039
194,194,194,194,2018-09-04,Apple Inc.,AAPL,0.63,3.89,93626000000.0,838891458440,58.50025706940874,227.56599999999997,19,8091.25
195,195,195,195,2018-09-05,Apple Inc.,AAPL,0.63,3.89,93626000000.0,838891458440,58.11856041131104,226.0812,19,7995.169922
196,196,196,196,2018-09-06,Apple Inc.,AAPL,0.63,3.89,93626000000.0,838891458440,57.15277634961439,222.3243,19,7922.72998
197,197,197,197,2018-09-07,Apple Inc.,AAPL,0.63,3.89,93626000000.0,838891458440,56.691645244215934,220.5305,19,7902.540039
198,198,198,198,2018-09-10,Apple Inc.,AAPL,0.63,3.89,93626000000.0,838891458440,55.930822622107975,217.5709,19,7924.160156
199,199,199,199,2018-09-11,Apple Inc.,AAPL,0.63,3.89,93626000000.0,838891458440,57.34491002570694,223.0717,19,7972.470215
200,200,200,200,2018-09-12,Apple Inc.,AAPL,0.63,3.89,93626000000.0,838891458440,56.63272493573266,220.3013,19,7954.22998
201,201,201,201,2018-09-13,Apple Inc.,AAPL,0.63,3.89,93626000000.0,838891458440,58.00071979434447,225.6228,19,8013.709961
202,202,202,202,2018-09-14,Apple Inc.,AAPL,0.63,3.89,93626000000.0,838891458440,57.34233933161954,223.0617,19,8010.040039
203,203,203,203,2018-09-17,Apple Inc.,AAPL,0.63,3.89,93626000000.0,838891458440,55.81552699228792,217.1224,19,7895.790039
204,204,204,204,2018-09-18,Apple Inc.,AAPL,0.63,3.89,93626000000.0,838891458440,55.90776349614397,217.4812,19,7956.109863
205,205,205,205,2018-09-19,Apple Inc.,AAPL,0.63,3.89,93626000000.0,838891458440,55.94105398457585,217.6107,19,7950.040039
206,206,206,206,2018-09-20,Apple Inc.,AAPL,0.63,3.89,93626000000.0,838891458440,56.366323907455005,219.265,19,8028.22998
207,207,207,207,2018-09-21,Apple Inc.,AAPL,0.63,3.89,93626000000.0,838891458440,55.75917737789203,216.9032,19,7986.959961
208,208,208,208,2018-09-24,Apple Inc.,AAPL,0.63,3.89,93626000000.0,838891458440,56.56100257069409,220.0223,19,7993.25
209,209,209,209,2018-09-25,Apple Inc.,AAPL,0.63,3.89,93626000000.0,838891458440,56.919640102827756,221.4174,19,8007.470215
210,210,210,210,2018-09-26,Apple Inc.,AAPL,0.63,3.89,93626000000.0,838891458440,56.46622107969152,219.6536,19,7990.370117
211,211,211,211,2018-09-27,Apple Inc.,AAPL,0.63,3.89,93626000000.0,838891458440,57.62668380462725,224.1678,19,8041.970215
212,212,212,212,2018-09-28,Apple Inc.,AAPL,0.63,3.89,93626000000.0,838891458440,57.829074550128524,224.9551,19,8046.350098000001
213,213,213,213,2018-10-01,Apple Inc.,AAPL,0.63,3.89,93626000000.0,838891458440,58.21845758354755,226.4698,19,8037.299805
214,214,214,214,2018-10-02,Apple Inc.,AAPL,0.63,3.89,93626000000.0,838891458440,58.7359383033419,228.4828,19,7999.549805
215,215,215,215,2018-10-03,Apple Inc.,AAPL,0.63,3.89,93626000000.0,838891458440,59.45066838046272,231.2631,19,8025.089844
216,216,216,216,2018-10-04,Apple Inc.,AAPL,0.63,3.89,93626000000.0,838891458440,58.40547557840617,227.1973,19,7879.509765999999
217,217,217,217,2018-10-05,Apple Inc.,AAPL,0.63,3.89,93626000000.0,838891458440,57.45760925449871,223.5101,19,7788.450195
218,218,218,218,2018-10-08,Apple Inc.,AAPL,0.63,3.89,93626000000.0,838891458440,57.32442159383033,222.99200000000002,19,7735.950195
219,219,219,219,2018-10-09,Apple Inc.,AAPL,0.63,3.89,93626000000.0,838891458440,58.11856041131104,226.0812,19,7738.02002
220,220,220,220,2018-10-10,Apple Inc.,AAPL,0.63,3.89,93626000000.0,838891458440,55.42614395886889,215.6077,19,7422.049805
221,221,221,221,2018-10-11,Apple Inc.,AAPL,0.63,3.89,93626000000.0,838891458440,54.936863753213366,213.7044,19,7329.060059
222,222,222,222,2018-10-12,Apple Inc.,AAPL,0.63,3.89,93626000000.0,838891458440,56.899151670951156,221.3377,19,7496.890137
223,223,223,223,2018-10-15,Apple Inc.,AAPL,0.63,3.89,93626000000.0,838891458440,55.682313624678656,216.6042,19,7430.740234000001
224,224,224,224,2018-10-16,Apple Inc.,AAPL,0.63,3.89,93626000000.0,838891458440,56.909408740359886,221.3776,19,7645.490234000001
225,225,225,225,2018-10-17,Apple Inc.,AAPL,0.63,3.89,93626000000.0,838891458440,56.66347043701799,220.4209,19,7642.700195
226,226,226,226,2018-10-18,Apple Inc.,AAPL,0.63,3.89,93626000000.0,838891458440,55.339048843187655,215.2689,19,7485.140137
227,227,227,227,2018-10-19,Apple Inc.,AAPL,0.63,3.89,93626000000.0,838891458440,56.181876606683815,218.5475,19,7449.029785
228,228,228,228,2018-10-22,Apple Inc.,AAPL,0.63,3.89,93626000000.0,838891458440,56.52514138817481,219.8828,19,7468.629883
229,229,229,229,2018-10-23,Apple Inc.,AAPL,0.63,3.89,93626000000.0,838891458440,57.05799485861184,221.9556,19,7437.540039
230,230,230,230,2018-10-24,Apple Inc.,AAPL,0.63,3.89,93626000000.0,838891458440,55.1007969151671,214.3421,19,7108.399901999999
231,231,231,231,2018-10-25,Apple Inc.,AAPL,0.63,3.89,93626000000.0,838891458440,56.30740359897172,219.0358,19,7318.339844
232,232,232,232,2018-10-26,Apple Inc.,AAPL,0.63,3.89,93626000000.0,838891458440,55.41077120822622,215.5479,19,7167.209961
233,233,233,233,2018-10-29,Apple Inc.,AAPL,0.63,3.89,93626000000.0,838891458440,54.3706940874036,211.502,19,7050.290039
234,234,234,234,2018-10-30,Apple Inc.,AAPL,0.63,3.89,93626000000.0,838891458440,54.64226221079692,212.5584,19,7161.649901999999
235,235,235,235,2018-10-31,Apple Inc.,AAPL,0.63,3.89,93626000000.0,838891458440,56.06658097686375,218.09900000000002,19,7305.899901999999
236,236,236,236,2018-11-01,Apple Inc.,AAPL,0.63,3.89,93626000000.0,838891458440,56.92732647814911,221.4473,19,7434.060059
237,237,237,237,2018-11-02,Apple Inc.,AAPL,0.63,3.89,93626000000.0,838891458440,53.151311053984564,206.7586,19,7356.990234000001
238,238,238,238,2018-11-05,Apple Inc.,AAPL,0.63,3.89,93626000000.0,838891458440,51.64244215938304,200.8891,19,7328.850098000001
239,239,239,239,2018-11-06,Apple Inc.,AAPL,0.63,3.89,93626000000.0,838891458440,52.2008997429306,203.0615,19,7375.959961
240,240,240,240,2018-11-07,Apple Inc.,AAPL,0.63,3.89,93626000000.0,838891458440,53.78406169665811,209.22,19,7570.75
241,241,241,241,2018-11-08,Apple Inc.,AAPL,0.63,3.89,93626000000.0,838891458440,53.59640102827763,208.49,19,7530.879883
242,242,242,242,2018-11-09,Apple Inc.,AAPL,0.63,3.89,93626000000.0,838891458440,52.56298200514138,204.47,19,7406.899901999999
243,243,243,243,2018-11-12,Apple Inc.,AAPL,0.63,3.89,93626000000.0,838891458440,49.91516709511568,194.17,19,7200.870117
244,244,244,244,2018-11-13,Apple Inc.,AAPL,0.63,3.89,93626000000.0,838891458440,49.41645244215938,192.23,19,7200.870117
245,245,245,245,2018-11-14,Apple Inc.,AAPL,0.63,3.89,93626000000.0,838891458440,48.020565552699225,186.8,19,7136.390137
246,246,246,246,2018-11-15,Apple Inc.,AAPL,0.63,3.89,93626000000.0,838891458440,49.205655526992295,191.41,19,7259.029785
247,247,247,247,2018-11-16,Apple Inc.,AAPL,0.63,3.89,93626000000.0,838891458440,49.75064267352185,193.53,19,7247.870117
248,248,248,248,2018-11-19,Apple Inc.,AAPL,0.63,3.89,93626000000.0,838891458440,47.778920308483286,185.86,19,7028.47998
249,249,249,249,2018-11-20,Apple Inc.,AAPL,0.63,3.89,93626000000.0,838891458440,45.49614395886889,176.98,19,6908.819823999999
250,250,250,250,2018-11-21,Apple Inc.,AAPL,0.63,3.89,93626000000.0,838891458440,45.444730077120816,176.78,19,6972.25
